Tm,W,L,WinP_Tm,player_id,salary,player_name,Age,Pos,G,GS,MP,TrV,EFF,Tm_use_total,eFGp,PTS_per_MP,PTS_per_game,TRB_MP,TRB,FG,FGA,FGp,X3P,X3PA,X3Pp,X2P,X2PA,X2Pp,FT,FTA,FTp,ORB,DRB,AST,STL,BLK,TOV,PF,PTS,FTF,Tm_FGA,Tm_MP,Tm_FTA,Tm_G,Tm_TOV,ASTTOVR,FG_MP,FGA_MP,FGp_MP,X3P_MP,X3PA_MP,X3Pp_MP,X2P_MP,X2PA_MP,X2Pp_MP,FT_MP,FTA_MP,FTp_MP,ORB_MP,DRB_MP,AST_MP,STL_MP,BLK_MP,TOV_MP,PF_MP,FTF_MP,Creds,ApproxV,TOT
MIL,60,22,73.17073170731707,77,1544951,Malcolm Brogdon,26,SG,64,64,1832,566.8405,1170.5781,0.2071,0.5749,0.5464,15.6406,0.1572,288,378,748,0.5053,104,244,0.4262,274,504,0.5437,141,152,0.9276,65,223,205,46,13,91,102,1001,0.2032,7471,19780,1904,82,1137,2.2527,0.2063,0.4083,3e-4,0.0568,0.1332,2e-4,0.1496,0.2751,3e-4,0.077,0.083,5e-4,0.0355,0.1217,0.1119,0.0251,0.0071,0.0497,0.0557,1e-4,1081,8.9774,nonTOT
MIL,60,22,73.17073170731707,82,1378242,Sterling Brown,23,SG,58,7,1034,411.8727,492.2069,0.1525,0.5497,0.3598,6.4138,0.1779,184,145,312,0.4647,53,147,0.3605,92,165,0.5576,29,42,0.6905,29,155,84,25,8,46,88,372,0.1346,7471,19780,1904,82,1137,1.8261,0.1402,0.3017,4e-4,0.0513,0.1422,3e-4,0.089,0.1596,5e-4,0.028,0.0406,7e-4,0.028,0.1499,0.0812,0.0242,0.0077,0.0445,0.0851,1e-4,447,4.6293,nonTOT
MIL,60,22,73.17073170731707,120,1641000,Pat Connaughton,26,SG,61,2,1261,439.8413,660.459,0.1331,0.56,0.3339,6.9016,0.2046,258,163,350,0.4657,66,200,0.33,97,150,0.6467,29,40,0.725,61,197,122,33,25,33,81,421,0.1143,7471,19780,1904,82,1137,3.697,0.1293,0.2776,4e-4,0.0523,0.1586,3e-4,0.0769,0.119,5e-4,0.023,0.0317,6e-4,0.0484,0.1562,0.0967,0.0262,0.0198,0.0262,0.0642,1e-4,628,5.9738,nonTOT
MIL,60,22,73.17073170731707,151,2484360,Donte DiVincenzo,22,SG,27,0,411,212.6533,168.2963,0.1511,0.4919,0.3187,4.8519,0.1582,65,50,124,0.4032,22,83,0.2651,28,41,0.6829,9,12,0.75,16,49,31,13,6,19,38,131,0.0968,7471,19780,1904,82,1137,1.6316,0.1217,0.3017,0.001,0.0535,0.2019,6e-4,0.0681,0.0998,0.0017,0.0219,0.0292,0.0018,0.0389,0.1192,0.0754,0.0316,0.0146,0.0462,0.0925,2e-4,150,2.041,nonTOT
MIL,60,22,73.17073170731707,387,77250,Jaylen Morris,23,SG,4,0,29,35.6376,13.75,0.1716,0.45,0.3448,2.5,0.1724,5,4,10,0.4,1,3,0.3333,3,7,0.4286,1,2,0.5,0,5,4,2,0,1,1,10,0.2,7471,19780,1904,82,1137,4,0.1379,0.3448,0.0138,0.0345,0.1034,0.0115,0.1034,0.2414,0.0148,0.0345,0.069,0.0172,0,0.1724,0.1379,0.069,0,0.0345,0.0345,0.0069,13,0.326,nonTOT
GSW,57,25,69.51219512195121,170,1646400,Jacob Evans,21,SG,30,1,204,99.8084,59.6333,0.135,0.3774,0.1961,1.3333,0.1225,25,18,53,0.3396,4,15,0.2667,14,38,0.3684,0,1,0,6,19,23,5,3,11,28,40,0.0189,7361,19805,1672,82,1169,2.0909,0.0882,0.2598,0.0017,0.0196,0.0735,0.0013,0.0686,0.1863,0.0018,0,0.0049,0,0.0294,0.0931,0.1127,0.0245,0.0147,0.053900000000000003,0.1373,1e-4,49,0.8819,nonTOT
GSW,57,25,69.51219512195121,321,77250,Damion Lee,26,SG,32,0,375,191.2918,173.6562,0.1684,0.5472,0.4213,4.9375,0.1707,64,56,127,0.4409,27,68,0.3971,29,59,0.4915,19,22,0.8636,8,56,13,13,0,11,28,158,0.1732,7361,19805,1672,82,1169,1.1818,0.1493,0.3387,0.0012,0.072,0.1813,0.0011,0.0773,0.1573,0.0013,0.0507,0.0587,0.0023,0.0213,0.1493,0.0347,0.0347,0,0.0293,0.0747,5e-4,163,2.1723,nonTOT
GSW,57,25,69.51219512195121,517,18988725,Klay Thompson,28,SG,78,78,2652,555.0008,1518.5256,0.2557,0.5531,0.6335,21.5385,0.1127,299,655,1402,0.4672,241,599,0.4023,414,803,0.5156,129,158,0.8165,37,262,186,84,47,115,157,1680,0.1127,7361,19805,1672,82,1169,1.6174,0.247,0.5287,2e-4,0.0909,0.2259,2e-4,0.1561,0.3028,2e-4,0.0486,0.0596,3e-4,0.014,0.0988,0.0701,0.0317,0.0177,0.0434,0.0592,0,1405,10.9279,nonTOT
TOR,58,24,70.73170731707317,215,10000000,Danny Green,31,SG,80,80,2216,365.9846,1045.0625,0.1405,0.6222,0.3705,10.2625,0.1431,317,293,630,0.4651,198,435,0.4552,95,195,0.4872,37,44,0.8409,60,257,126,73,53,75,171,821,0.0698,7305,19880,1803,82,1150,1.68,0.1322,0.2843,2e-4,0.0894,0.1963,2e-4,0.0429,0.088,2e-4,0.0167,0.0199,4e-4,0.0271,0.116,0.0569,0.0329,0.0239,0.0338,0.0772,0,971,8.2831,nonTOT
TOR,58,24,70.73170731707317,366,3774176,Jodie Meeks,31,SG,8,0,104,57.0134,54.75,0.1713,0.641,0.4904,6.375,0.1154,12,21,39,0.5385,8,18,0.4444,13,21,0.619,1,1,1,1,11,8,1,1,2,5,51,0.0256,7305,19880,1803,82,1150,4,0.2019,0.375,0.0052,0.0769,0.1731,0.0043,0.125,0.2019,0.006,0.0096,0.0096,0.0096,0.0096,0.1058,0.0769,0.0096,0.0096,0.0192,0.0481,2e-4,53,0.9354,nonTOT
TOR,58,24,70.73170731707317,443,9367200,Norman Powell,25,SG,60,3,1126,413.0516,576.9167,0.1901,0.5675,0.4583,8.6,0.1234,139,193,400,0.4825,68,170,0.4,125,230,0.5435,62,75,0.8267,16,123,91,39,13,65,96,516,0.1875,7305,19880,1803,82,1150,1.4,0.1714,0.3552,4e-4,0.0604,0.151,4e-4,0.111,0.2043,5e-4,0.0551,0.0666,7e-4,0.0142,0.1092,0.0808,0.0346,0.0115,0.0577,0.0853,2e-4,513,5.133,nonTOT
TOR,58,24,70.73170731707317,456,1569360,Malachi Richardson,23,SG,22,0,103,39.6086,22.6364,0.1636,0.4483,0.2913,1.3636,0.1262,13,9,29,0.3103,8,25,0.32,1,4,0.25,4,5,0.8,2,11,0,1,0,8,13,30,0.1724,7305,19880,1803,82,1150,0,0.0874,0.2816,0.003,0.0777,0.2427,0.0031,0.0097,0.0388,0.0024,0.0388,0.0485,0.0078,0.0194,0.1068,0,0.0097,0,0.0777,0.1262,0.0017,15,0.363,nonTOT
UTA,50,32,60.97560975609756,12,2076960,Grayson Allen,23,SG,38,2,416,168.6683,144.1316,0.244,0.4663,0.5072,5.5526,0.0553,23,67,178,0.3764,32,99,0.3232,35,79,0.443,45,60,0.75,3,20,25,6,6,33,47,211,0.3371,7082,19755,2092,82,1240,0.7576,0.1611,0.4279,9e-4,0.0769,0.238,8e-4,0.0841,0.1899,0.0011,0.1082,0.1442,0.0018,0.0072,0.0481,0.0601,0.0144,0.0144,0.0793,0.113,8e-4,112,1.6394,nonTOT
UTA,50,32,60.97560975609756,378,3111480,Donovan Mitchell,22,SG,77,77,2598,707.6118,1655.1688,0.3163,0.4935,0.704,23.7532,0.1216,316,661,1530,0.432,188,519,0.3622,473,1011,0.4679,319,396,0.8056,59,257,322,106,31,218,208,1829,0.2588,7082,19755,2092,82,1240,1.4771,0.2544,0.5889,2e-4,0.0724,0.1998,1e-4,0.1821,0.3891,2e-4,0.1228,0.1524,3e-4,0.0227,0.0989,0.1239,0.0408,0.0119,0.0839,0.0801,1e-4,1440,11.1315,nonTOT
UTA,50,32,60.97560975609756,332,77250,Naz Long,25,SG,14,0,84,39.9809,24.4286,0.147,0.35,0.1905,1.1429,0.0714,6,6,20,0.3,2,11,0.1818,4,9,0.4444,2,2,1,1,5,15,1,1,8,10,16,0.1,7082,19755,2092,82,1240,1.875,0.0714,0.2381,0.0036,0.0238,0.131,0.0022,0.0476,0.1071,0.0053,0.0238,0.0238,0.0119,0.0119,0.0595,0.1786,0.0119,0.0119,0.0952,0.119,0.0012,17,0.3987,nonTOT
HOU,53,29,64.63414634146342,207,13500375,Eric Gordon,30,SG,68,53,2158,365.9302,859.6765,0.2202,0.5245,0.5111,16.2206,0.0686,148,384,938,0.4094,216,600,0.36,168,338,0.497,119,152,0.7829,17,131,129,41,27,90,143,1103,0.162,7163,19830,2001,82,1094,1.4333,0.1779,0.4347,2e-4,0.1001,0.278,2e-4,0.0778,0.1566,2e-4,0.0551,0.0704,4e-4,0.0079,0.0607,0.0598,0.019,0.0125,0.0417,0.0663,1e-4,771,6.9674,nonTOT
HOU,53,29,64.63414634146342,218,1512601,Gerald Green,33,SG,73,0,1473,198.2427,598.2466,0.1953,0.5346,0.4582,9.2466,0.1236,182,231,578,0.3997,156,441,0.3537,75,137,0.5474,57,68,0.8382,30,152,40,33,27,55,126,675,0.1176,7163,19830,2001,82,1094,0.7273,0.1568,0.3924,3e-4,0.1059,0.2994,2e-4,0.0509,0.093,4e-4,0.0387,0.0462,6e-4,0.0204,0.1032,0.0272,0.0224,0.0183,0.0373,0.0855,1e-4,544,5.3639,nonTOT
POR,53,29,64.63414634146342,133,2795000,Seth Curry,28,SG,74,2,1399,340.4371,553.1757,0.1657,0.5774,0.4153,7.8514,0.0858,120,212,465,0.4559,113,251,0.4502,99,214,0.4626,44,52,0.8462,27,93,66,36,12,61,97,581,0.1118,7427,19855,1914,82,1135,1.082,0.1515,0.3324,3e-4,0.0808,0.1794,3e-4,0.0708,0.153,3e-4,0.0315,0.0372,6e-4,0.0193,0.0665,0.0472,0.0257,0.0086,0.0436,0.0693,1e-4,493,4.9821,nonTOT
POR,53,29,64.63414634146342,358,25759766,CJ McCollum,27,SG,70,70,2375,564.4315,1333.4857,0.2549,0.5265,0.6181,20.9714,0.1187,282,571,1243,0.4594,167,445,0.3753,404,798,0.5063,159,192,0.8281,62,220,207,55,28,106,172,1468,0.1545,7427,19855,1914,82,1135,1.9528,0.2404,0.5234,2e-4,0.0703,0.1874,2e-4,0.1701,0.336,2e-4,0.0669,0.0808,3e-4,0.0261,0.0926,0.0872,0.0232,0.0118,0.0446,0.0724,1e-4,1229,9.8843,nonTOT
POR,53,29,64.63414634146342,487,1837800,Anfernee Simons,19,SG,20,1,141,104.1404,59.45,0.2427,0.5238,0.5319,3.75,0.0922,13,28,63,0.4444,10,29,0.3448,18,34,0.5294,9,16,0.5625,3,10,13,1,0,11,9,75,0.254,7427,19855,1914,82,1135,1.1818,0.1986,0.4468,0.0032,0.0709,0.2057,0.0024,0.1277,0.2411,0.0038,0.0638,0.1135,0.004,0.0213,0.0709,0.0922,0.0071,0,0.078,0.0638,0.0018,49,0.8819,nonTOT
POR,53,29,64.63414634146342,523,838464,Gary Trent,20,SG,15,1,111,47.27,20.7333,0.2171,0.37,0.3604,2.6667,0.0991,11,16,50,0.32,5,21,0.2381,11,29,0.3793,3,7,0.4286,1,10,5,1,2,4,4,40,0.14,7427,19855,1914,82,1135,1.25,0.1441,0.4505,0.0029,0.045,0.1892,0.0021,0.0991,0.2613,0.0034,0.027,0.0631,0.0039,0.009,0.0901,0.045,0.009,0.018,0.036,0.036,0.0013,17,0.3987,nonTOT
DEN,54,28,65.85365853658537,8,77250,DeVaughn Akoon-Purcell,25,SG,7,0,22,24.9796,10.7143,0.25,0.3,0.3182,1,0.1818,4,3,10,0.3,0,4,0,3,6,0.5,1,2,0.5,1,3,6,2,0,2,4,7,0.2,7384,19730,1714,82,1102,3,0.1364,0.4545,0.0136,0,0.1818,0,0.1364,0.2727,0.0227,0.0455,0.0909,0.0227,0.0455,0.1364,0.2727,0.0909,0,0.0909,0.1818,0.0091,9,0.2474,nonTOT
DEN,54,28,65.85365853658537,37,11830358,Will Barton,28,SG,43,38,1189,343.2113,563.4884,0.2003,0.475,0.4155,11.4884,0.1674,199,185,460,0.4022,67,196,0.3418,118,264,0.447,57,74,0.7703,32,167,124,18,22,65,82,494,0.1609,7384,19730,1714,82,1102,1.9077,0.1556,0.3869,3e-4,0.0563,0.1648,3e-4,0.0992,0.222,4e-4,0.0479,0.0622,6e-4,0.0269,0.1405,0.1043,0.0151,0.0185,0.0547,0.069,1e-4,500,5.0351,nonTOT
DEN,54,28,65.85365853658537,45,1773840,Malik Beasley,22,SG,81,18,1879,581.8798,880.321,0.1866,0.5841,0.488,11.321,0.1064,200,349,737,0.4735,163,405,0.4025,186,332,0.5602,56,66,0.8485,35,165,97,55,10,55,116,917,0.0896,7384,19730,1714,82,1102,1.7636,0.1857,0.3922,3e-4,0.0867,0.2155,2e-4,0.099,0.1767,3e-4,0.0298,0.0351,5e-4,0.0186,0.0878,0.0516,0.0293,0.0053,0.0293,0.0617,0,826,7.337,nonTOT
DEN,54,28,65.85365853658537,227,16517857,Gary Harris,24,SG,57,48,1639,482.1577,700.807,0.2002,0.4882,0.4497,12.9298,0.0976,160,270,637,0.4239,82,242,0.3388,188,395,0.4759,115,144,0.7986,41,119,127,55,19,68,113,737,0.2261,7384,19730,1714,82,1102,1.8676,0.1647,0.3887,3e-4,0.05,0.1477,2e-4,0.1147,0.241,3e-4,0.0702,0.0879,5e-4,0.025,0.0726,0.0775,0.0336,0.0116,0.0415,0.0689,1e-4,634,6.0166,nonTOT
DEN,54,28,65.85365853658537,515,2029463,Isaiah Thomas,29,SG,12,0,181,63.6344,62.5,0.3041,0.404,0.5359,8.0833,0.0718,13,34,99,0.3434,12,43,0.2791,22,56,0.3929,17,27,0.6296,5,8,23,5,1,18,17,97,0.2727,7384,19730,1714,82,1102,1.2778,0.1878,0.547,0.0019,0.0663,0.2376,0.0015,0.1215,0.3094,0.0022,0.0939,0.1492,0.0035,0.0276,0.0442,0.1271,0.0276,0.0055,0.0994,0.0939,0.0015,46,0.8411,nonTOT
DEN,54,28,65.85365853658537,570,284020,Nick Young,33,SG,4,0,37,7.2736,6.5,0.127,0.5,0.2432,2.25,0.027,1,3,9,0.3333,3,8,0.375,0,1,0,0,0,0,0,1,2,0,1,2,4,9,0,7384,19730,1714,82,1102,1,0.0811,0.2432,0.009,0.0811,0.2162,0.0101,0,0.027,0,0,0,0,0,0.027,0.0541,0,0.027,0.0541,0.1081,0,5,0.1592,nonTOT
BOS,49,33,59.756097560975604,80,5169960,Jaylen Brown,22,SG,74,25,1913,599.9622,983.6622,0.2208,0.5246,0.5039,13.027,0.1636,313,368,792,0.4646,95,276,0.3442,273,516,0.5291,133,202,0.6584,65,248,100,69,32,99,186,964,0.2551,7423,19780,1598,82,1052,1.0101,0.1924,0.414,2e-4,0.0497,0.1443,2e-4,0.1427,0.2697,3e-4,0.0695,0.1056,3e-4,0.034,0.1296,0.0523,0.0361,0.0167,0.0518,0.0972,1e-4,886,7.7331,nonTOT
BOS,49,33,59.756097560975604,155,77250,PJ Dozier,22,SG,6,0,51,66.3952,29,0.1849,0.4286,0.3725,3.1667,0.3333,17,8,21,0.381,2,8,0.25,6,13,0.4615,1,2,0.5,6,11,5,2,0,0,2,19,0.0952,7423,19780,1598,82,1052,Inf,0.1569,0.4118,0.0075,0.0392,0.1569,0.0049,0.1176,0.2549,0.009,0.0196,0.0392,0.0098,0.1176,0.2157,0.098,0.0392,0,0,0.0392,0.0019,29,0.5951,nonTOT
BOS,49,33,59.756097560975604,261,77250,RJ Hunter,25,SG,1,0,26,38.2335,16,0.2301,0.6154,0.6538,17,0.1154,3,6,13,0.4615,4,10,0.4,2,3,0.6667,1,2,0.5,1,2,3,1,0,0,3,17,0.1538,7423,19780,1598,82,1052,Inf,0.2308,0.5,0.0178,0.1538,0.3846,0.0154,0.0769,0.1154,0.0256,0.0385,0.0769,0.0192,0.0385,0.0769,0.1154,0.0385,0,0,0.1154,0.0059,16,0.381,nonTOT
BOS,49,33,59.756097560975604,489,11160716,Marcus Smart,24,SG,80,60,2200,585.7163,1079.4625,0.1463,0.5326,0.3218,8.85,0.1064,234,239,567,0.4215,126,346,0.3642,113,221,0.5113,104,129,0.8062,57,177,321,143,28,123,201,708,0.2275,7423,19780,1598,82,1052,2.6098,0.1086,0.2577,2e-4,0.0573,0.1573,2e-4,0.0514,0.1005,2e-4,0.0473,0.0586,4e-4,0.0259,0.0805,0.1459,0.065,0.0127,0.0559,0.0914,1e-4,958,8.1998,nonTOT
OKC,49,33,59.756097560975604,1,3667645,Alex Abrines,25,SG,31,2,588,181.4109,153.5484,0.1224,0.4873,0.2806,5.3226,0.0816,48,56,157,0.3567,41,127,0.3228,15,30,0.5,12,13,0.9231,5,43,20,17,6,14,53,165,0.0828,7706,19855,2049,82,1145,1.4286,0.0952,0.267,6e-4,0.0697,0.216,5e-4,0.0255,0.051,9e-4,0.0204,0.0221,0.0016,0.0085,0.0731,0.034,0.0289,0.0102,0.0238,0.0901,1e-4,140,1.9381,nonTOT
OKC,49,33,59.756097560975604,90,500000,Deonte Burton,25,SG,32,0,240,112.8978,79.7188,0.1633,0.4512,0.3417,2.5625,0.1167,28,33,82,0.4024,8,27,0.2963,25,55,0.4545,8,12,0.6667,4,24,9,6,8,9,31,82,0.1463,7706,19855,2049,82,1145,1,0.1375,0.3417,0.0017,0.0333,0.1125,0.0012,0.1042,0.2292,0.0019,0.0333,0.05,0.0028,0.0167,0.1,0.0375,0.025,0.0333,0.0375,0.1292,6e-4,71,1.1647,nonTOT
OKC,49,33,59.756097560975604,148,838464,Hamidou Diallo,20,SG,51,3,526,269.4166,221.549,0.1656,0.4667,0.3612,3.7255,0.1844,97,75,165,0.4545,4,24,0.1667,71,141,0.5035,36,59,0.6102,38,59,17,21,10,23,77,190,0.3576,7706,19855,2049,82,1145,0.7391,0.1426,0.3137,9e-4,0.0076,0.0456,3e-4,0.135,0.2681,0.001,0.0684,0.1122,0.0012,0.0722,0.1122,0.0323,0.0399,0.019,0.0437,0.1464,7e-4,199,2.523,nonTOT
OKC,49,33,59.756097560975604,178,2118840,Terrance Ferguson,20,SG,74,74,1931,458.3847,521.3649,0.1055,0.5522,0.2657,6.9324,0.073,141,185,431,0.4292,106,290,0.3655,79,141,0.5603,37,51,0.7255,33,108,72,40,16,47,231,513,0.1183,7706,19855,2049,82,1145,1.5319,0.0958,0.2232,2e-4,0.0549,0.1502,2e-4,0.0409,0.073,3e-4,0.0192,0.0264,4e-4,0.0171,0.0559,0.0373,0.0207,0.0083,0.0243,0.1196,1e-4,475,4.8451,nonTOT
IND,48,34,58.536585365853654,169,12400000,Tyreke Evans,29,SG,69,18,1402,346.1062,699.2899,0.2645,0.4477,0.5036,10.2319,0.1434,201,257,660,0.3894,77,216,0.3565,180,444,0.4054,115,160,0.7188,33,168,166,58,18,118,117,706,0.2424,7135,19705,1727,82,1122,1.4068,0.1833,0.4708,3e-4,0.0549,0.1541,3e-4,0.1284,0.3167,3e-4,0.082,0.1141,5e-4,0.0235,0.1198,0.1184,0.0414,0.0128,0.0842,0.0835,2e-4,583,5.6498,nonTOT
IND,48,34,58.536585365853654,417,21000000,Victor Oladipo,26,SG,36,36,1147,456.7393,754.7222,0.2789,0.4864,0.5885,18.75,0.1761,202,249,588,0.4235,74,216,0.3426,175,372,0.4704,103,141,0.7305,21,181,186,60,11,82,72,675,0.2398,7135,19705,1727,82,1122,2.2683,0.2171,0.5126,4e-4,0.0645,0.1883,3e-4,0.1526,0.3243,4e-4,0.0898,0.1229,6e-4,0.0183,0.1578,0.1622,0.0523,0.0096,0.0715,0.0628,2e-4,675,6.3061,nonTOT
IND,48,34,58.536585365853654,453,752250,Davon Reed,23,SG,10,0,47,37.6425,14.9,0.1209,0.5,0.2553,1.2,0.1277,6,5,12,0.4167,2,4,0.5,3,8,0.375,0,0,0,2,4,3,1,0,1,3,12,0,7135,19705,1727,82,1122,3,0.1064,0.2553,0.0089,0.0426,0.0851,0.0106,0.0638,0.1702,0.008,0,0,0,0.0426,0.0851,0.0638,0.0213,0,0.0213,0.0638,0,14,0.3446,nonTOT
PHI,51,31,62.19512195121951,189,8339880,Markelle Fultz,20,SG,19,15,427,247.538,198.6842,0.1927,0.4323,0.363,8.1579,0.1639,70,65,155,0.4194,4,14,0.2857,61,141,0.4326,21,37,0.5676,26,44,59,17,5,25,52,155,0.2387,7233,19805,2258,82,1223,2.36,0.1522,0.363,0.001,0.0094,0.0328,7e-4,0.1429,0.3302,0.001,0.0492,0.0867,0.0013,0.0609,0.103,0.1382,0.0398,0.0117,0.0585,0.1218,6e-4,175,2.2912,nonTOT
PHI,51,31,62.19512195121951,309,1740000,Furkan Korkmaz,21,SG,48,7,679,334.7847,313.4792,0.1786,0.4959,0.4109,5.8125,0.1576,107,98,245,0.4,47,144,0.3264,51,101,0.505,36,44,0.8182,16,91,52,29,2,25,62,279,0.1796,7233,19805,2258,82,1223,2.08,0.1443,0.3608,6e-4,0.0692,0.2121,5e-4,0.0751,0.1487,7e-4,0.053,0.0648,0.0012,0.0236,0.134,0.0766,0.0427,0.0029,0.0368,0.0913,3e-4,289,3.3378,nonTOT
PHI,51,31,62.19512195121951,376,77250,Shake Milton,22,SG,20,0,268,155.308,100.7,0.1503,0.4713,0.3246,4.35,0.1306,35,34,87,0.3908,14,44,0.3182,20,43,0.4651,5,7,0.7143,9,26,18,8,8,6,29,87,0.0805,7233,19805,2258,82,1223,3,0.1269,0.3246,0.0015,0.0522,0.1642,0.0012,0.0746,0.1604,0.0017,0.0187,0.0261,0.0027,0.0336,0.097,0.0672,0.0299,0.0299,0.0224,0.1082,3e-4,95,1.449,nonTOT
PHI,51,31,62.19512195121951,452,12250000,JJ Redick,34,SG,76,63,2379,227.7632,1209.6711,0.2185,0.557,0.5767,18.0526,0.0782,186,452,1027,0.4401,240,605,0.3967,212,422,0.5024,228,255,0.8941,20,166,206,32,17,101,129,1372,0.2483,7233,19805,2258,82,1223,2.0396,0.19,0.4317,2e-4,0.1009,0.2543,2e-4,0.0891,0.1774,2e-4,0.0958,0.1072,4e-4,0.0084,0.0698,0.0866,0.0135,0.0071,0.0425,0.0542,1e-4,1110,9.1574,nonTOT
PHI,51,31,62.19512195121951,495,2615160,Zhaire Smith,19,SG,6,2,111,88.3583,44,0.1643,0.5,0.3604,6.6667,0.1171,13,14,34,0.4118,6,16,0.375,8,18,0.4444,6,8,0.75,3,10,10,2,2,6,8,40,0.2353,7233,19805,2258,82,1223,1.6667,0.1261,0.3063,0.0037,0.0541,0.1441,0.0034,0.0721,0.1622,0.004,0.0541,0.0721,0.0068,0.027,0.0901,0.0901,0.018,0.018,0.0541,0.0721,0.0021,39,0.7432,nonTOT
SAS,48,34,58.536585365853654,46,6153846,Marco Belinelli,32,SG,79,1,1815,274.064,784.0886,0.1981,0.5196,0.4567,10.4937,0.1091,198,285,690,0.413,147,395,0.3722,138,295,0.4678,112,124,0.9032,16,182,132,35,8,72,121,829,0.1797,7248,19805,1720,82,992,1.8333,0.157,0.3802,2e-4,0.081,0.2176,2e-4,0.076,0.1625,3e-4,0.0617,0.0683,5e-4,0.0088,0.1003,0.0727,0.0193,0.0044,0.0397,0.0667,1e-4,713,6.5705,nonTOT
SAS,48,34,58.536585365853654,145,27739975,DeMar DeRozan,29,SG,77,77,2688,546.3603,1934.4156,0.2794,0.4832,0.6083,21.2338,0.1719,462,631,1313,0.4806,7,45,0.1556,624,1268,0.4921,366,441,0.8299,54,408,475,86,36,199,177,1635,0.3359,7248,19805,1720,82,992,2.3869,0.2347,0.4885,2e-4,0.0026,0.0167,1e-4,0.2321,0.4717,2e-4,0.1362,0.1641,3e-4,0.0201,0.1518,0.1767,0.032,0.0134,0.074,0.0658,1e-4,1738,12.8179,nonTOT
SAS,48,34,58.536585365853654,181,3125000,Bryn Forbes,25,SG,82,81,2293,552.0555,990.0244,0.1738,0.5676,0.4217,11.7927,0.1042,239,361,791,0.4564,176,413,0.4262,185,378,0.4894,69,78,0.8846,18,221,175,45,4,80,159,967,0.0986,7248,19805,1720,82,992,2.1875,0.1574,0.345,2e-4,0.0768,0.1801,2e-4,0.0807,0.1648,2e-4,0.0301,0.034,4e-4,0.0078,0.0964,0.0763,0.0196,0.0017,0.0349,0.0693,0,911,7.8962,nonTOT
SAS,48,34,58.536585365853654,540,2360160,Lonnie Walker,20,SG,17,0,118,96.0889,48.7647,0.203,0.4022,0.3814,2.6471,0.1441,17,16,46,0.3478,5,13,0.3846,11,33,0.3333,8,10,0.8,0,17,9,7,3,4,7,45,0.2174,7248,19805,1720,82,992,2.25,0.1356,0.3898,0.0029,0.0424,0.1102,0.0033,0.0932,0.2797,0.0028,0.0678,0.0847,0.0068,0,0.1441,0.0763,0.0593,0.0254,0.0339,0.0593,0.0018,45,0.8274,nonTOT
LAC,48,34,58.536585365853654,460,3050160,Jerome Robinson,21,SG,33,0,320,169.9518,116.6061,0.1674,0.4818,0.35,3.3939,0.1281,41,44,110,0.4,18,57,0.3158,26,53,0.4906,6,9,0.6667,3,38,19,11,3,13,46,112,0.0818,7178,19830,2340,82,1193,1.4615,0.1375,0.3438,0.0013,0.0562,0.1781,0.001,0.0813,0.1656,0.0015,0.0187,0.0281,0.0021,0.0094,0.1187,0.0594,0.0344,0.0094,0.0406,0.1437,3e-4,104,1.5508,nonTOT
LAC,48,34,58.536585365853654,520,1378242,Sindarius Thornwell,24,SG,64,1,313,132.8745,103.6875,0.1132,0.3776,0.1981,0.9688,0.1406,44,17,49,0.3469,3,15,0.2,14,34,0.4118,25,34,0.7353,5,39,18,14,7,20,41,62,0.6939,7178,19830,2340,82,1193,0.9,0.0543,0.1565,0.0011,0.0096,0.0479,6e-4,0.0447,0.1086,0.0013,0.0799,0.1086,0.0023,0.016,0.1246,0.0575,0.0447,0.0224,0.0639,0.131,0.0022,84,1.3213,nonTOT
LAC,48,34,58.536585365853654,555,8000000,Louis Williams,32,SG,75,1,1993,360.4291,1473.5867,0.3244,0.4714,0.7516,19.9733,0.1114,222,484,1138,0.4253,105,291,0.3608,379,847,0.4475,425,485,0.8763,40,182,402,57,11,181,80,1498,0.4262,7178,19830,2340,82,1193,2.221,0.2428,0.571,2e-4,0.0527,0.146,2e-4,0.1902,0.425,2e-4,0.2132,0.2434,4e-4,0.0201,0.0913,0.2017,0.0286,0.0055,0.0908,0.0401,2e-4,1295,10.2798,nonTOT
ORL,42,40,51.21951219512195,182,17000000,Evan Fournier,26,SG,81,81,2553,565.3949,1226.0988,0.2214,0.5094,0.4802,15.1358,0.1011,258,468,1069,0.4378,153,450,0.34,315,619,0.5089,137,170,0.8059,38,220,295,71,12,154,225,1226,0.159,7307,19780,1575,82,1082,1.9156,0.1833,0.4187,2e-4,0.0599,0.1763,1e-4,0.1234,0.2425,2e-4,0.0537,0.0666,3e-4,0.0149,0.0862,0.1156,0.0278,0.0047,0.0603,0.0881,1e-4,1074,8.9338,nonTOT
ORL,42,40,51.21951219512195,185,1050000,Melvin Frazier,22,SG,10,0,44,15.3512,4.9,0.2352,0.3333,0.3409,1.5,0.1136,5,7,21,0.3333,0,6,0,7,15,0.4667,1,4,0.25,3,2,1,1,0,1,6,15,0.1905,7307,19780,1575,82,1082,1,0.1591,0.4773,0.0076,0,0.1364,0,0.1591,0.3409,0.0106,0.0227,0.0909,0.0057,0.0682,0.0455,0.0227,0.0227,0,0.0227,0.1364,0.0043,4,0.1347,nonTOT
ORL,42,40,51.21951219512195,466,10500000,Terrence Ross,27,SG,81,0,2150,530.238,1132.8889,0.2391,0.5341,0.5688,15.0988,0.1302,280,440,1027,0.4284,217,566,0.3834,223,461,0.4837,126,144,0.875,27,253,135,72,29,90,119,1223,0.1402,7307,19780,1575,82,1082,1.5,0.2047,0.4777,2e-4,0.1009,0.2633,2e-4,0.1037,0.2144,2e-4,0.0586,0.067,4e-4,0.0126,0.1177,0.0628,0.0335,0.0135,0.0419,0.0553,1e-4,1044,8.7459,nonTOT
BRK,42,40,51.21951219512195,125,19332500,Allen Crabbe,26,SG,43,20,1133,311.9009,390.9302,0.1645,0.4987,0.3645,9.6047,0.1306,148,137,373,0.3673,98,259,0.3784,39,114,0.3421,41,56,0.7321,16,132,46,23,13,46,102,413,0.1501,7358,19980,2088,82,1236,1,0.1209,0.3292,3e-4,0.0865,0.2286,3e-4,0.0344,0.1006,3e-4,0.0362,0.0494,6e-4,0.0141,0.1165,0.0406,0.0203,0.0115,0.0406,0.09,1e-4,346,3.8202,nonTOT
BRK,42,40,51.21951219512195,209,1512601,Treveon Graham,25,SG,35,21,715,228.3726,213.5143,0.1279,0.4346,0.2573,5.2571,0.1497,107,64,191,0.3351,38,128,0.2969,26,63,0.4127,18,22,0.8182,23,84,34,13,7,17,68,184,0.1152,7358,19980,2088,82,1236,2,0.0895,0.2671,5e-4,0.0531,0.179,4e-4,0.0364,0.0881,6e-4,0.0252,0.0308,0.0011,0.0322,0.1175,0.0476,0.0182,0.0098,0.0238,0.0951,2e-4,197,2.504,nonTOT
BRK,42,40,51.21951219512195,229,8333333,Joe Harris,27,SG,76,76,2293,531.4831,1169.4079,0.1699,0.6223,0.454,13.6974,0.1269,291,374,748,0.5,183,386,0.4741,191,362,0.5276,110,133,0.8271,52,239,181,38,17,121,182,1041,0.1778,7358,19980,2088,82,1236,1.4959,0.1631,0.3262,2e-4,0.0798,0.1683,2e-4,0.0833,0.1579,2e-4,0.048,0.058,4e-4,0.0227,0.1042,0.0789,0.0166,0.0074,0.0528,0.0794,1e-4,1050,8.7836,nonTOT
BRK,42,40,51.21951219512195,356,47370,Tahjere McCall,24,SG,1,0,8,11.5299,3,0.1806,0.6667,0.5,4,0.125,1,2,3,0.6667,0,1,0,2,2,1,0,1,0,0,1,0,0,0,0,2,4,0.3333,7358,19980,2088,82,1236,0,0.25,0.375,0.0833,0,0.125,0,0.25,0.25,0.125,0,0.125,0,0,0.125,0,0,0,0,0.25,0.0417,3,0.1085,nonTOT
BRK,42,40,51.21951219512195,394,1634400,Dzanan Musa,19,SG,9,0,39,30.1427,12.5556,0.2895,0.4318,0.4872,2.1111,0.1282,5,9,22,0.4091,1,10,0.1,8,12,0.6667,0,2,0,1,4,2,2,0,4,1,19,0.0909,7358,19980,2088,82,1236,0.5,0.2308,0.5641,0.0105,0.0256,0.2564,0.0026,0.2051,0.3077,0.0171,0,0.0513,0,0.0256,0.1026,0.0513,0.0513,0,0.1026,0.0256,0.0023,9,0.2474,nonTOT
BRK,42,40,51.21951219512195,433,77250,Theo Pinson,23,SG,18,0,211,127.3622,92,0.2004,0.4247,0.3839,4.5,0.1706,36,25,73,0.3425,12,46,0.2609,13,27,0.4815,19,22,0.8636,4,32,21,6,0,18,15,81,0.3014,7358,19980,2088,82,1236,1.1667,0.1185,0.346,0.0016,0.0569,0.218,0.0012,0.0616,0.128,0.0023,0.09,0.1043,0.0041,0.019,0.1517,0.0995,0.0284,0,0.0853,0.0711,0.0014,75,1.2136,nonTOT
MIA,39,43,47.5609756097561,362,1544951,Rodney McGruder,27,SG,66,45,1550,383.8903,605.0303,0.1539,0.4892,0.3245,7.6212,0.1535,238,186,461,0.4035,79,225,0.3511,107,236,0.4534,52,72,0.7222,60,178,112,36,12,64,115,503,0.1562,7218,19730,1782,82,1208,1.75,0.12,0.2974,3e-4,0.051,0.1452,2e-4,0.069,0.1523,3e-4,0.0335,0.0465,5e-4,0.0387,0.1148,0.0723,0.0232,0.0077,0.0413,0.0742,1e-4,542,5.3491,nonTOT
MIA,39,43,47.5609756097561,455,9367200,Josh Richardson,25,SG,73,73,2539,603.3441,1246.4521,0.2094,0.4922,0.4762,16.5616,0.1036,263,423,1026,0.4123,164,460,0.3565,259,566,0.4576,199,231,0.8615,54,209,298,79,34,113,200,1209,0.2251,7218,19730,1782,82,1208,2.6372,0.1666,0.4041,2e-4,0.0646,0.1812,1e-4,0.102,0.2229,2e-4,0.0784,0.091,3e-4,0.0213,0.0823,0.1174,0.0311,0.0134,0.0445,0.0788,1e-4,1135,9.3117,nonTOT
MIA,39,43,47.5609756097561,536,2393887,Dwyane Wade,37,SG,72,2,1885,25.0206,1151.6944,0.2792,0.4781,0.5745,15.0417,0.1512,285,416,960,0.4333,86,261,0.3295,330,699,0.4721,165,233,0.7082,69,216,301,59,38,166,118,1083,0.2427,7218,19730,1782,82,1208,1.8133,0.2207,0.5093,2e-4,0.0456,0.1385,2e-4,0.1751,0.3708,3e-4,0.0875,0.1236,4e-4,0.0366,0.1146,0.1597,0.0313,0.0202,0.0881,0.0626,1e-4,988,8.3917,nonTOT
MIA,39,43,47.5609756097561,538,12705000,Dion Waiters,27,SG,44,28,1138,338.7098,498.5455,0.2113,0.5282,0.4631,11.9773,0.1019,116,198,478,0.4142,109,289,0.3772,89,189,0.4709,22,44,0.5,7,109,121,29,9,64,72,527,0.0921,7218,19730,1782,82,1208,1.8906,0.174,0.42,4e-4,0.0958,0.254,3e-4,0.0782,0.1661,4e-4,0.0193,0.0387,4e-4,0.0062,0.0958,0.1063,0.0255,0.0079,0.0562,0.0633,1e-4,436,4.5436,nonTOT
DET,41,41,50,83,838464,Bruce Brown,22,SG,74,56,1449,409.6746,466.3784,0.115,0.4363,0.2202,4.3108,0.1277,185,125,314,0.3981,24,93,0.2581,101,221,0.457,45,60,0.75,48,137,91,40,36,46,178,319,0.1911,7238,19855,1893,82,1135,1.9783,0.0863,0.2167,3e-4,0.0166,0.0642,2e-4,0.0697,0.1525,3e-4,0.0311,0.0414,5e-4,0.0331,0.0945,0.0628,0.0276,0.0248,0.0317,0.1228,1e-4,421,4.4258,nonTOT
DET,41,41,50,192,7000000,Langston Galloway,27,SG,80,4,1745,396.6696,598.7,0.1615,0.5034,0.3851,8.4,0.098,171,228,587,0.3884,135,380,0.3553,93,207,0.4493,81,96,0.8438,49,122,85,37,8,24,135,672,0.1635,7238,19855,1893,82,1135,3.5417,0.1307,0.3364,2e-4,0.0774,0.2178,2e-4,0.0533,0.1186,3e-4,0.0464,0.055,5e-4,0.0281,0.0699,0.0487,0.0212,0.0046,0.0138,0.0774,1e-4,575,5.5915,nonTOT
DET,41,41,50,303,3275280,Luke Kennard,22,SG,63,10,1437,492.5432,643.0952,0.1813,0.5404,0.4266,9.7302,0.1273,183,228,520,0.4385,106,269,0.3941,122,251,0.4861,51,61,0.8361,12,171,114,26,10,57,92,613,0.1173,7238,19855,1893,82,1135,2,0.1587,0.3619,3e-4,0.0738,0.1872,3e-4,0.0849,0.1747,3e-4,0.0355,0.0424,6e-4,0.0084,0.119,0.0793,0.0181,0.007,0.0397,0.064,1e-4,587,5.6788,nonTOT
DET,41,41,50,331,77250,Zach Lofton,26,SG,1,0,4,0,-1,0.2157,0,0,0,0,0,0,1,0,0,1,0,0,0,0,0,0,0,0,0,0,1,0,1,0,0,0,7238,19855,1893,82,1135,0,0,0.25,0,0,0.25,0,0,0,0,0,0,0,0,0,0,0.25,0,0.25,0,0,-1,0,nonTOT
DET,41,41,50,516,838464,Khyri Thomas,22,SG,26,0,195,92.7724,49.8462,0.1722,0.3913,0.3128,2.3462,0.1026,20,22,69,0.3188,10,35,0.2857,12,34,0.3529,7,11,0.6364,4,16,8,7,5,4,22,61,0.1594,7238,19855,1893,82,1135,2,0.1128,0.3538,0.0016,0.0513,0.1795,0.0015,0.0615,0.1744,0.0018,0.0359,0.0564,0.0033,0.0205,0.0821,0.041,0.0359,0.0256,0.0205,0.1128,8e-4,46,0.8411,nonTOT
SAC,39,43,47.5609756097561,63,9000000,Bogdan Bogdanovic,26,SG,70,17,1947,534.9669,1055.3286,0.223,0.4959,0.5085,14.1429,0.1248,243,361,863,0.4183,134,372,0.3602,227,491,0.4623,134,162,0.8272,40,203,267,72,15,117,142,990,0.1877,7637,19730,1865,82,1095,2.2821,0.1854,0.4432,2e-4,0.0688,0.1911,2e-4,0.1166,0.2522,2e-4,0.0688,0.0832,4e-4,0.0205,0.1043,0.1371,0.037,0.0077,0.0601,0.0729,1e-4,940,8.084,nonTOT
SAC,39,43,47.5609756097561,244,3833760,Buddy Hield,26,SG,82,82,2615,631.3537,1642.2195,0.2513,0.5603,0.6482,20.6707,0.1576,412,623,1360,0.4581,278,651,0.427,345,709,0.4866,171,193,0.886,106,306,205,58,33,146,202,1695,0.1419,7637,19730,1865,82,1095,1.4041,0.2382,0.5201,2e-4,0.1063,0.2489,2e-4,0.1319,0.2711,2e-4,0.0654,0.0738,3e-4,0.0405,0.117,0.0784,0.0222,0.0126,0.0558,0.0772,1e-4,1498,11.4661,nonTOT
SAC,39,43,47.5609756097561,364,5460000,Ben McLemore,25,SG,19,0,158,96.512,61.7368,0.1942,0.5234,0.4747,3.9474,0.1076,17,25,64,0.3906,17,41,0.4146,8,23,0.3478,8,12,0.6667,3,14,4,6,3,5,22,75,0.1875,7637,19730,1865,82,1095,0.8,0.1582,0.4051,0.0025,0.1076,0.2595,0.0026,0.0506,0.1456,0.0022,0.0506,0.0759,0.0042,0.019,0.0886,0.0253,0.038,0.019,0.0316,0.1392,0.0012,57,0.9878,nonTOT
DAL,33,49,40.243902439024396,76,838464,Ryan Broekhoff,28,SG,42,0,453,175.3476,188.619,0.1427,0.6032,0.36870000000000003,3.9762,0.1391,63,57,126,0.4524,38,93,0.4086,19,33,0.5758,15,19,0.7895,8,55,22,6,4,16,35,167,0.1508,7122,19780,2076,82,1167,1.375,0.1258,0.2781,0.001,0.0839,0.2053,9e-4,0.0419,0.0728,0.0013,0.0331,0.0419,0.0017,0.0177,0.1214,0.0486,0.0132,0.0088,0.0353,0.0773,3e-4,173,2.2715,nonTOT
DAL,33,49,40.243902439024396,152,6569040,Luka Doncic,19,SG,72,72,2318,742.2696,1797.5694,0.3053,0.4975,0.6583,21.1944,0.2429,563,506,1186,0.4266,168,514,0.3268,338,672,0.503,346,485,0.7134,86,477,429,77,25,247,137,1526,0.4089,7122,19780,2076,82,1167,1.7368,0.2183,0.5116,2e-4,0.0725,0.2217,1e-4,0.1458,0.2899,2e-4,0.1493,0.2092,3e-4,0.0371,0.2058,0.1851,0.0332,0.0108,0.1066,0.0591,2e-4,1554,11.7861,nonTOT
DAL,33,49,40.243902439024396,345,77250,Daryl Macon,23,SG,8,0,90,54.2377,28.25,0.1723,0.463,0.3222,3.625,0.1333,12,10,27,0.3704,5,11,0.4545,5,16,0.3125,4,7,0.5714,2,10,7,1,0,6,8,29,0.2593,7122,19780,2076,82,1167,1.1667,0.1111,0.3,0.0041,0.0556,0.1222,0.0051,0.0556,0.1778,0.0035,0.0444,0.0778,0.0063,0.0222,0.1111,0.0778,0.0111,0,0.0667,0.0889,0.0029,23,0.5001,nonTOT
MIN,36,46,43.90243902439025,416,2163600,Josh Okogie,20,SG,74,52,1757,510.7422,643.1486,0.1537,0.4449,0.3244,7.7027,0.1241,218,196,508,0.3858,60,215,0.2791,136,293,0.4642,118,162,0.7284,41,177,91,88,33,63,166,570,0.3189,7483,19830,1995,82,1074,1.4444,0.1116,0.2891,2e-4,0.0341,0.1224,2e-4,0.0774,0.1668,3e-4,0.0672,0.0922,4e-4,0.0233,0.1007,0.0518,0.0501,0.0188,0.0359,0.0945,2e-4,581,5.6352,nonTOT
MIN,36,46,43.90243902439025,454,108953,Cam Reynolds,23,SG,19,0,259,151.5162,100.7368,0.1411,0.5577,0.3668,5,0.1197,31,33,78,0.4231,21,51,0.4118,12,27,0.4444,8,9,0.8889,4,27,13,6,2,5,26,95,0.1154,7483,19830,1995,82,1074,2.6,0.1274,0.3012,0.0016,0.0811,0.1969,0.0016,0.0463,0.1042,0.0017,0.0309,0.0347,0.0034,0.0154,0.1042,0.0502,0.0232,0.0077,0.0193,0.1004,4e-4,96,1.4604,nonTOT
MIN,36,46,43.90243902439025,511,77250,Jared Terrell,23,SG,14,0,111,37.6425,23.2857,0.1956,0.359,0.2793,2.2143,0.0541,6,12,39,0.3077,4,17,0.2353,8,22,0.3636,3,6,0.5,1,5,12,3,2,10,16,31,0.1538,7483,19830,1995,82,1074,1.2,0.1081,0.3514,0.0028,0.036,0.1532,0.0021,0.0721,0.1982,0.0033,0.027,0.0541,0.0045,0.009,0.045,0.1081,0.027,0.018,0.0901,0.1441,0.0014,14,0.3446,nonTOT
MIN,36,46,43.90243902439025,561,77250,CJ Williams,28,SG,15,0,128,63.5232,45.6667,0.1328,0.5571,0.3047,2.6,0.0625,8,17,35,0.4857,5,16,0.3125,12,19,0.6316,0,1,0,1,7,12,6,0,5,16,39,0.0286,7483,19830,1995,82,1074,2.4,0.1328,0.2734,0.0038,0.0391,0.125,0.0024,0.0938,0.1484,0.0049,0,0.0078,0,0.0078,0.0547,0.0938,0.0469,0,0.0391,0.125,2e-4,41,0.7716,nonTOT
NOP,33,49,40.243902439024396,51,194220,Dairis Bertans,29,SG,12,0,167,30.7205,18.8333,0.1205,0.3617,0.2036,2.8333,0.053900000000000003,9,12,47,0.2553,10,34,0.2941,2,13,0.1538,0,0,0,2,7,10,1,0,2,7,34,0,7563,19755,1921,82,1215,5,0.0719,0.2814,0.0015,0.0599,0.2036,0.0018,0.012,0.0778,9e-4,0,0,0,0.012,0.0419,0.0599,0.006,0,0.012,0.0419,0,17,0.3987,nonTOT
NOP,33,49,40.243902439024396,112,1757429,Ian Clark,27,SG,60,6,973,280.5192,377.0333,0.193,0.4804,0.4121,6.6833,0.0915,89,151,383,0.3943,66,202,0.3267,85,181,0.4696,33,37,0.8919,13,76,94,22,8,58,95,401,0.0966,7563,19755,1921,82,1215,1.6207,0.1552,0.3936,4e-4,0.0678,0.2076,3e-4,0.0874,0.186,5e-4,0.0339,0.038,9e-4,0.0134,0.0781,0.0966,0.0226,0.0082,0.0596,0.0976,1e-4,320,3.6028,nonTOT
NOP,33,49,40.243902439024396,248,26641111,Jrue Holiday,28,SG,67,67,2402,570.8867,1756.8657,0.2544,0.5229,0.5912,21.194,0.1391,334,547,1159,0.472,118,363,0.3251,429,796,0.5389,208,271,0.7675,75,259,518,109,54,210,148,1420,0.2338,7563,19755,1921,82,1215,2.4667,0.2277,0.4825,2e-4,0.0491,0.1511,1e-4,0.1786,0.3314,2e-4,0.0866,0.1128,3e-4,0.0312,0.10780000000000001,0.2157,0.0454,0.0225,0.0874,0.0616,1e-4,1550,11.7633,nonTOT
NOP,33,49,40.243902439024396,381,8808685,E'Twaun Moore,29,SG,53,36,1463,338.7692,618.8868,0.1731,0.5526,0.4327,11.9434,0.0868,127,256,532,0.4812,76,176,0.4318,180,356,0.5056,45,59,0.7627,35,92,102,40,8,59,112,633,0.1109,7563,19755,1921,82,1215,1.7288,0.175,0.3636,3e-4,0.0519,0.1203,3e-4,0.123,0.2433,3e-4,0.0308,0.0403,5e-4,0.0239,0.0629,0.0697,0.0273,0.0055,0.0403,0.0766,1e-4,561,5.4891,nonTOT
CHO,39,43,47.5609756097561,30,1378242,Dwayne Bacon,23,SG,43,13,759,326.7846,321.5814,0.1677,0.5486,0.4163,7.3488,0.1173,89,122,257,0.4747,38,87,0.4368,84,170,0.4941,34,46,0.7391,8,81,47,12,5,18,72,316,0.179,7362,19830,1895,82,1001,2.6111,0.1607,0.3386,6e-4,0.0501,0.1146,6e-4,0.1107,0.224,7e-4,0.0448,0.0606,0.001,0.0105,0.1067,0.0619,0.0158,0.0066,0.0237,0.0949,2e-4,304,3.4669,nonTOT
CHO,39,43,47.5609756097561,316,7000000,Jeremy Lamb,26,SG,79,55,2250,602.1332,1355.9873,0.2249,0.499,0.5369,15.2911,0.1929,434,431,979,0.4402,115,330,0.3485,316,649,0.4869,231,260,0.8885,65,369,172,88,32,80,140,1208,0.2656,7362,19830,1895,82,1001,2.15,0.1916,0.4351,2e-4,0.0511,0.1467,2e-4,0.1404,0.2884,2e-4,0.1027,0.1156,4e-4,0.0289,0.164,0.0764,0.0391,0.0142,0.0356,0.0622,1e-4,1277,10.1724,nonTOT
CHO,39,43,47.5609756097561,346,77250,JP Macura,23,SG,2,0,17,17.5374,5,0.2283,0.3333,0.3529,3,0.1765,3,3,9,0.3333,0,4,0,3,5,0.6,0,0,0,0,3,2,0,0,0,0,6,0,7362,19830,1895,82,1001,Inf,0.1765,0.5294,0.0196,0,0.2353,0,0.1765,0.2941,0.0353,0,0,0,0,0.1765,0.1176,0,0,0,0,0,5,0.1592,nonTOT
CHO,39,43,47.5609756097561,379,3447480,Malik Monk,20,SG,73,0,1258,474.5854,590.8219,0.2457,0.4804,0.5191,8.9452,0.1089,137,227,586,0.3874,109,330,0.3303,118,256,0.4609,90,102,0.8824,16,121,117,37,19,86,106,653,0.1741,7362,19830,1895,82,1001,1.3605,0.1804,0.4658,3e-4,0.0866,0.2623,3e-4,0.0938,0.2035,4e-4,0.0715,0.0811,7e-4,0.0127,0.0962,0.093,0.0294,0.0151,0.0684,0.0843,1e-4,506,5.0803,nonTOT
LAL,37,45,45.1219512195122,94,12000000,Kentavious Caldwell-Pope,25,SG,82,23,2035,536.6349,919.2073,0.1813,0.5298,0.4609,11.439,0.117,238,325,756,0.4299,151,435,0.3471,174,321,0.5421,137,158,0.8671,48,190,110,73,13,65,137,938,0.209,7425,19780,1910,82,1284,1.6923,0.1597,0.3715,2e-4,0.0742,0.2138,2e-4,0.0855,0.1577,3e-4,0.0673,0.0776,4e-4,0.0236,0.0934,0.0541,0.0359,0.0064,0.0319,0.0673,1e-4,855,7.5293,nonTOT
LAL,37,45,45.1219512195122,233,1655160,Josh Hart,23,SG,67,22,1715,489.4994,669.1343,0.1346,0.5065,0.3061,7.8358,0.1446,248,189,464,0.4073,92,274,0.3358,97,190,0.5105,55,80,0.6875,35,213,93,64,40,58,147,525,0.1724,7425,19780,1910,82,1284,1.6034,0.1102,0.2706,2e-4,0.0536,0.1598,2e-4,0.0566,0.1108,3e-4,0.0321,0.0466,4e-4,0.0204,0.1242,0.0542,0.0373,0.0233,0.0338,0.0857,1e-4,612,5.8593,nonTOT
LAL,37,45,45.1219512195122,268,76236,Andre Ingram,33,SG,4,0,15,0,-3.25,0.1933,0,0,0,0.1333,2,0,6,0,0,3,0,0,3,0,0,0,0,1,1,0,1,0,1,0,0,0,7425,19780,1910,82,1284,0,0,0.4,0,0,0.2,0,0,0.2,0,0,0,0,0.0667,0.0667,0,0.0667,0,0.0667,0,0,-4,0,nonTOT
LAL,37,45,45.1219512195122,502,4449000,Lance Stephenson,28,SG,68,3,1123,357.4462,621.7353,0.2029,0.5104,0.4372,7.2206,0.1915,215,184,432,0.4259,73,197,0.3706,111,235,0.4723,50,73,0.6849,32,183,140,41,7,86,111,491,0.169,7425,19780,1910,82,1284,1.6279,0.1638,0.3847,4e-4,0.065,0.1754,3e-4,0.0988,0.2093,4e-4,0.0445,0.065,6e-4,0.0285,0.163,0.1247,0.0365,0.0062,0.0766,0.0988,2e-4,537,5.312,nonTOT
MEM,33,49,40.243902439024396,78,1656092,MarShon Brooks,30,SG,29,0,387,132.778,169.2759,0.2361,0.4941,0.491,6.5517,0.1163,45,76,169,0.4497,15,54,0.2778,61,115,0.5304,23,33,0.697,12,33,25,9,4,21,33,190,0.1953,6924,19880,1882,82,1147,1.1905,0.1964,0.4367,0.0012,0.0388,0.1395,7e-4,0.1576,0.2972,0.0014,0.0594,0.0853,0.0018,0.031,0.0853,0.0646,0.0233,0.0103,0.0543,0.0853,5e-4,149,2.0308,nonTOT
MEM,33,49,40.243902439024396,222,47370,Dusty Hannahs,25,SG,2,0,26,16.1365,5.5,0.2385,0.25,0.3077,4,0.0385,1,3,12,0.25,0,5,0,3,7,0.4286,2,2,1,0,1,5,1,0,1,1,8,0.1667,6924,19880,1882,82,1147,5,0.1154,0.4615,0.0096,0,0.1923,0,0.1154,0.2692,0.0165,0.0769,0.0769,0.0385,0,0.0385,0.1923,0.0385,0,0.0385,0.0385,0.0064,5,0.1592,nonTOT
MEM,33,49,40.243902439024396,501,77250,DJ Stephens,28,SG,1,0,7,4.0414,1,0.1915,0.5,0.2857,2,0,0,1,2,0.5,0,0,0,1,2,0.5,0,0,0,0,0,0,1,0,1,0,2,0,6924,19880,1882,82,1147,0,0.1429,0.2857,0.0714,0,0,0,0.1429,0.2857,0.0714,0,0,0,0,0,0,0.1429,0,0.1429,0,0,1,0.0476,nonTOT
WAS,32,50,39.02439024390244,43,25434262,Bradley Beal,25,SG,82,82,3028,690.0412,2203.2683,0.2842,0.5398,0.6932,25.5976,0.1357,411,764,1609,0.4748,209,596,0.3507,555,1013,0.5479,362,448,0.808,89,322,448,121,58,224,226,2099,0.2784,7387,19930,1963,82,1154,2,0.2523,0.5314,2e-4,0.069,0.1968,1e-4,0.1833,0.3345,2e-4,0.1196,0.148,3e-4,0.0294,0.1063,0.148,0.04,0.0192,0.074,0.0746,1e-4,1982,14.1452,nonTOT
WAS,32,50,39.02439024390244,365,77250,Jordan McRae,27,SG,27,0,333,177.3684,173.4444,0.2042,0.5077,0.4805,5.9259,0.1201,40,61,130,0.4692,10,35,0.2857,51,95,0.5368,28,35,0.8,6,34,30,13,7,15,26,160,0.2692,7387,19930,1963,82,1154,2,0.1832,0.3904,0.0014,0.03,0.1051,9e-4,0.1532,0.2853,0.0016,0.0841,0.1051,0.0024,0.018,0.1021,0.0901,0.039,0.021,0.045,0.0781,8e-4,159,2.1322,nonTOT
ATL,29,53,35.36585365853659,42,18089888,Kent Bazemore,29,SG,67,35,1643,393.2326,860.194,0.22,0.4718,0.4741,11.6269,0.1589,261,278,691,0.4023,96,300,0.32,182,391,0.4655,127,175,0.7257,37,224,152,89,42,121,170,779,0.2533,7524,19855,1918,82,1397,1.2562,0.1692,0.4206,2e-4,0.0584,0.1826,2e-4,0.1108,0.238,3e-4,0.0773,0.1065,4e-4,0.0225,0.1363,0.0925,0.0542,0.0256,0.0736,0.1035,2e-4,741,6.7631,nonTOT
ATL,29,53,35.36585365853659,48,1634640,DeAndre Bembry,24,SG,82,15,1931,559.3062,1001.2683,0.1722,0.487,0.3558,8.378,0.1854,358,275,616,0.4464,50,173,0.289,225,443,0.5079,87,136,0.6397,54,304,202,105,41,142,190,687,0.2208,7524,19855,1918,82,1397,1.4225,0.1424,0.319,2e-4,0.0259,0.0896,1e-4,0.1165,0.2294,3e-4,0.0451,0.0704,3e-4,0.028,0.1574,0.1046,0.0544,0.0212,0.0735,0.0984,1e-4,861,7.5689,nonTOT
ATL,29,53,35.36585365853659,220,1349383,Daniel Hamilton,23,SG,19,3,204,129.7552,92.1579,0.1568,0.45,0.2794,3,0.2304,47,23,60,0.3833,8,23,0.3478,15,37,0.4054,3,6,0.5,10,37,22,6,1,16,19,57,0.1,7524,19855,1918,82,1397,1.375,0.1127,0.2941,0.0019,0.0392,0.1127,0.0017,0.0735,0.1814,0.002,0.0147,0.0294,0.0025,0.049,0.1814,0.10780000000000001,0.0294,0.0049,0.0784,0.0931,5e-4,77,1.2378,nonTOT
ATL,29,53,35.36585365853659,259,2250960,Kevin Huerter,20,SG,75,59,2048,585.795,877.5467,0.157,0.5221,0.355,9.6933,0.1196,245,275,657,0.4186,136,353,0.3853,139,304,0.4572,41,56,0.7321,60,185,214,65,25,109,155,727,0.0852,7524,19855,1918,82,1397,1.9633,0.1343,0.3208,2e-4,0.0664,0.1724,2e-4,0.0679,0.1484,2e-4,0.02,0.0273,4e-4,0.0293,0.0903,0.1045,0.0317,0.0122,0.0532,0.0757,0,770,6.9606,nonTOT
ATL,29,53,35.36585365853659,483,47370,Jordan Sibert,26,SG,1,0,4,10.4678,3,0.1017,1.5,0.75,3,0,0,1,1,1,1,1,1,0,0,0,0,0,0,0,0,0,0,0,0,0,3,0,7524,19855,1918,82,1397,0,0.25,0.25,0.25,0.25,0.25,0.25,0,0,0,0,0,0,0,0,0,0,0,0,0,0,3,0.1085,nonTOT
CHI,22,60,26.82926829268293,11,77250,Rawle Alkins,21,SG,10,1,120,84.662,46.2,0.1904,0.3718,0.3083,3.7,0.2167,26,13,39,0.3333,3,12,0.25,10,27,0.3704,8,12,0.6667,11,15,13,1,0,8,7,37,0.3077,7205,19905,1695,82,1159,1.625,0.1083,0.325,0.0028,0.025,0.1,0.0021,0.0833,0.225,0.0031,0.0667,0.1,0.0056,0.0917,0.125,0.1083,0.0083,0,0.0667,0.0583,0.0026,39,0.7432,nonTOT
CHI,22,60,26.82926829268293,58,1349383,Antonio Blakeney,22,SG,57,3,829,331.2892,330.386,0.2448,0.4646,0.5042,7.3333,0.1279,106,166,396,0.4192,36,91,0.3956,130,305,0.4262,50,76,0.6579,7,99,42,12,9,35,41,418,0.1919,7205,19905,1695,82,1159,1.2,0.2002,0.4777,5e-4,0.0434,0.1098,5e-4,0.1568,0.3679,5e-4,0.0603,0.0917,8e-4,0.0084,0.1194,0.0507,0.0145,0.0109,0.0422,0.0495,2e-4,296,3.3982,nonTOT
CHI,22,60,26.82926829268293,317,19500000,Zach LaVine,23,SG,63,62,2171,669.1354,1483.5873,0.305,0.5198,0.6872,23.6825,0.1354,294,530,1135,0.467,120,321,0.3738,410,814,0.5037,312,375,0.832,40,254,283,60,26,215,140,1492,0.3304,7205,19905,1695,82,1159,1.3163,0.2441,0.5228,2e-4,0.0553,0.1479,2e-4,0.1889,0.3749,2e-4,0.1437,0.1727,4e-4,0.0184,0.117,0.1304,0.0276,0.012,0.099,0.0645,2e-4,1272,10.1425,nonTOT
CHI,22,60,26.82926829268293,472,77250,Brandon Sampson,21,SG,14,2,214,118.1082,73.1429,0.1524,0.5583,0.3318,5.0714,0.0748,16,28,60,0.4667,11,29,0.3793,17,31,0.5484,4,6,0.6667,3,13,10,8,3,12,19,71,0.1,7205,19905,1695,82,1159,0.8333,0.1308,0.2804,0.0022,0.0514,0.1355,0.0018,0.0794,0.1449,0.0026,0.0187,0.028,0.0031,0.014,0.0607,0.0467,0.0374,0.014,0.0561,0.0888,5e-4,62,1.0521,nonTOT
PHO,19,63,23.170731707317074,67,3314365,Devin Booker,22,SG,64,64,2242,711.3006,1732.875,0.3291,0.5207,0.7583,26.5625,0.1182,265,586,1255,0.4669,135,414,0.3261,451,841,0.5363,393,454,0.8656,39,226,433,56,13,264,200,1700,0.3618,7164,19880,1858,82,1279,1.6402,0.2614,0.5598,2e-4,0.0602,0.1847,1e-4,0.2012,0.3751,2e-4,0.1753,0.2025,4e-4,0.0174,0.1008,0.1931,0.025,0.0058,0.1178,0.0892,2e-4,1473,11.3223,nonTOT
PHO,19,63,23.170731707317074,127,4698113,Jamal Crawford,38,SG,64,0,1211,-32.4542,584.4531,0.2075,0.4737,0.4195,7.9375,0.0702,85,174,438,0.3973,67,202,0.3317,107,236,0.4534,93,110,0.8455,8,77,229,33,12,99,75,508,0.2511,7164,19880,1858,82,1279,2.3131,0.1437,0.3617,3e-4,0.0553,0.1668,3e-4,0.0884,0.1949,4e-4,0.0768,0.0908,7e-4,0.0066,0.0636,0.1891,0.0273,0.0099,0.0818,0.0619,2e-4,487,4.9366,nonTOT
PHO,19,63,23.170731707317074,134,3258539,Troy Daniels,27,SG,51,1,760,242.1216,280.4706,0.1763,0.5455,0.4184,6.2353,0.0961,73,113,275,0.4109,74,194,0.3814,39,81,0.4815,18,23,0.7826,13,60,26,26,5,27,79,318,0.0836,7164,19880,1858,82,1279,0.963,0.1487,0.3618,5e-4,0.0974,0.2553,5e-4,0.0513,0.1066,6e-4,0.0237,0.0303,0.001,0.0171,0.0789,0.0342,0.0342,0.0066,0.0355,0.1039,1e-4,254,3.0297,nonTOT
PHO,19,63,23.170731707317074,187,198579,Jimmer Fredette,29,SG,6,0,65,26.6168,18.1667,0.242,0.2759,0.3385,3.6667,0.1077,7,8,29,0.2759,0,13,0,8,16,0.5,6,6,1,1,6,8,3,0,5,5,22,0.2069,7164,19880,1858,82,1279,1.6,0.1231,0.4462,0.0042,0,0.2,0,0.1231,0.2462,0.0077,0.0923,0.0923,0.0154,0.0154,0.0923,0.1231,0.0462,0,0.0769,0.0769,0.0032,14,0.3446,nonTOT
PHO,19,63,23.170731707317074,273,6041520,Josh Jackson,21,SG,79,29,1988,596.5652,1003.8101,0.2392,0.456,0.4577,11.519,0.1745,347,347,841,0.4126,73,225,0.3244,274,616,0.4448,143,213,0.6714,66,281,183,74,56,173,209,910,0.2533,7164,19880,1858,82,1279,1.0578,0.1745,0.423,2e-4,0.0367,0.1132,2e-4,0.1378,0.3099,2e-4,0.0719,0.1071,3e-4,0.0332,0.1413,0.0921,0.0372,0.0282,0.087,0.1051,1e-4,833,7.3835,nonTOT
NYK,17,65,20.73170731707317,14,77250,Kadeem Allen,26,SG,19,1,416,235.0554,246.6316,0.1961,0.5213,0.4543,9.9474,0.1226,51,65,141,0.461,17,36,0.4722,48,105,0.4571,42,54,0.7778,8,43,76,16,4,26,46,189,0.383,7241,19780,1956,82,1151,2.9231,0.1562,0.3389,0.0011,0.0409,0.0865,0.0011,0.1154,0.2524,0.0011,0.101,0.1298,0.0019,0.0192,0.1034,0.1827,0.0385,0.0096,0.0625,0.1106,9e-4,222,2.7387,nonTOT
NYK,17,65,20.73170731707317,154,1378242,Damyean Dotson,24,SG,73,40,2004,521.1219,810.0274,0.1733,0.5057,0.3887,10.6712,0.1307,262,290,698,0.4155,126,342,0.3684,164,356,0.4607,73,98,0.7449,34,228,135,58,10,71,135,779,0.1404,7241,19780,1956,82,1151,1.9014,0.1447,0.3483,2e-4,0.0629,0.1707,2e-4,0.0818,0.1776,2e-4,0.0364,0.0489,4e-4,0.017,0.1138,0.0674,0.0289,0.005,0.0354,0.0674,1e-4,740,6.7562,nonTOT
NYK,17,65,20.73170731707317,193,67370,Billy Garrett,24,SG,4,0,63,47.1115,21.5,0.2088,0.4074,0.4127,6.5,0.0476,3,11,27,0.4074,0,8,0,11,19,0.5789,4,4,1,0,3,7,1,1,2,3,26,0.1481,7241,19780,1956,82,1151,3.5,0.1746,0.4286,0.0065,0,0.127,0,0.1746,0.3016,0.0092,0.0635,0.0635,0.0159,0,0.0476,0.1111,0.0159,0.0159,0.0317,0.0476,0.0024,20,0.4504,nonTOT
NYK,17,65,20.73170731707317,524,3382000,Allonzo Trier,23,SG,64,3,1459,487.4065,721.1875,0.2145,0.4981,0.4764,10.8594,0.135,197,232,518,0.4479,52,132,0.3939,180,386,0.4663,179,223,0.8027,31,166,119,28,14,116,117,695,0.4305,7241,19780,1956,82,1151,1.0259,0.159,0.355,3e-4,0.0356,0.0905,3e-4,0.1234,0.2646,3e-4,0.1227,0.1528,6e-4,0.0212,0.1138,0.0816,0.0192,0.0096,0.0795,0.0802,3e-4,607,5.8233,nonTOT
CLE,19,63,23.170731707317074,114,12500000,Jordan Clarkson,26,SG,81,0,2214,567.4559,1217.3333,0.2764,0.5093,0.6161,16.8395,0.122,270,529,1180,0.4483,144,445,0.3236,385,735,0.5238,162,192,0.8438,82,188,196,57,13,135,112,1364,0.1627,7184,19755,1694,82,1106,1.4519,0.2389,0.533,2e-4,0.065,0.201,1e-4,0.1739,0.332,2e-4,0.0732,0.0867,4e-4,0.037,0.0849,0.0885,0.0257,0.0059,0.061,0.0506,1e-4,1084,8.9961,nonTOT
CLE,19,63,23.170731707317074,410,1512601,David Nwaba,26,SG,51,14,984,346.7035,440.4314,0.1459,0.5267,0.3394,6.549,0.1657,163,126,262,0.4809,24,75,0.32,102,187,0.5455,58,85,0.6824,41,122,54,36,17,29,106,334,0.3244,7184,19755,1694,82,1106,1.8621,0.128,0.2663,5e-4,0.0244,0.0762,3e-4,0.1037,0.19,6e-4,0.0589,0.0864,7e-4,0.0417,0.124,0.0549,0.0366,0.0173,0.0295,0.1077,3e-4,412,4.3547,nonTOT
CLE,19,63,23.170731707317074,490,14720000,JR Smith,33,SG,11,4,222,46.4195,72,0.1859,0.4177,0.3333,6.7273,0.0811,18,27,79,0.3418,12,39,0.3077,15,40,0.375,8,10,0.8,0,18,21,11,3,11,19,74,0.1266,7184,19755,1694,82,1106,1.9091,0.1216,0.3559,0.0015,0.0541,0.1757,0.0014,0.0676,0.1802,0.0017,0.036,0.045,0.0036,0,0.0811,0.0946,0.0495,0.0135,0.0495,0.0856,6e-4,62,1.0521,nonTOT
